symbol,bid,ask,24h volume($),status
JASMYBUSD,0.00344100,0.00344800,284493.99,Trading
SHIBEUR,0.00000693,0.00000695,283818.40,Trading
CHZBRL,0.32690000,0.32870000,282570.79,Trading
LINKTUSD,9.94400000,9.96100000,280328.45,Trading
LTCTUSD,68.28000000,68.36000000,277841.53,Trading
LINKGBP,8.13200000,8.16900000,276915.41,Trading
ARBRUB,83.00000000,83.50000000,276357.16,Trading
SANTOSBUSD,2.69700000,2.70700000,265983.98,Trading
SANDBUSD,0.32160000,0.32210000,263664.33,Trading
MATICTUSD,0.62560000,0.62630000,256106.98,Trading
PYRBUSD,3.37800000,3.39300000,239667.75,Trading
FXSBUSD,5.72600000,5.74100000,239321.06,Trading
XVSBUSD,5.20000000,5.22000000,238917.90,Trading
FRONTBUSD,0.28490000,0.28550000,222734.06,Trading
FILFDUSD,3.77900000,3.78900000,217280.59,Trading
CHRBUSD,0.10150000,0.10170000,215509.41,Trading
WINTRX,0.00073200,0.00073800,214844.13,Trading
FTMEUR,0.20850000,0.20860000,208687.87,Trading
MKRBUSD,1474.00000000,1476.00000000,202734.27,Trading
FIDABUSD,0.16460000,0.16500000,197326.52,Trading
IOTXBUSD,0.01990000,0.01996000,193600.49,Trading
PROMBUSD,4.20400000,4.21800000,193203.98,Trading
ARKMTUSD,0.34560000,0.34650000,188679.20,Trading
KAVABUSD,0.61900000,0.62000000,184324.66,Trading
AVAXBRL,51.10000000,51.40000000,177696.92,Trading
LEVERBUSD,0.00130500,0.00130800,167932.38,Trading
GLMRBUSD,0.18990000,0.19030000,157925.85,Trading
AUCTIONBUSD,6.32000000,6.36000000,155129.09,Trading
MATICFDUSD,0.62520000,0.62630000,155079.01,Trading
EOSBUSD,0.58600000,0.58800000,154800.05,Trading
VETEUR,0.01739000,0.01740000,154166.92,Trading
PONDBUSD,0.00909000,0.00911000,153723.02,Trading
PAXGBUSD,1954.00000000,1956.00000000,151613.03,Trading
AVAXEUR,9.62000000,9.65000000,148519.73,Trading
IMXBUSD,0.63090000,0.63160000,146795.76,Trading
REEFBUSD,0.00138800,0.00139100,146540.33,Trading
BCHEUR,236.40000000,236.70000000,144184.37,Trading
OGBUSD,4.25900000,4.27500000,143409.43,Trading
HIGHBUSD,1.21400000,1.21600000,142685.47,Trading
WINBRL,0.00033900,0.00033910,142635.82,Trading
ENJBUSD,0.23380000,0.23460000,141580.20,Trading
SEIFDUSD,0.10830000,0.10860000,140443.07,Trading
RPLBUSD,22.80000000,22.87000000,138978.89,Trading
ARPABUSD,0.04533000,0.04540000,133143.32,Trading
LPTBUSD,6.14000000,6.15000000,132606.28,Trading
PHBBUSD,0.61380000,0.61430000,132148.63,Trading
CELOBUSD,0.46800000,0.46900000,131634.90,Trading
HOOKBUSD,0.81670000,0.81860000,125555.33,Trading
LDOTUSD,1.78300000,1.78700000,125038.85,Trading
ADAFDUSD,0.27660000,0.27700000,121874.15,Trading
SXPBUSD,0.29030000,0.29080000,115114.32,Trading
SOLGBP,24.82000000,24.95000000,111319.05,Trading
BDOTDOT,0.99610000,0.99630000,106988.32,Trading
AKROBUSD,0.00588000,0.00591000,106840.96,Trading
XVGTUSD,0.00387100,0.00390300,100580.53,Trading
AVAXTUSD,10.19000000,10.24000000,99536.12,Trading
BCHTUSD,250.50000000,251.00000000,98149.68,Trading
EGLDEUR,26.87000000,26.92000000,94521.53,Trading
WRXBUSD,0.11310000,0.11370000,94467.77,Trading
PROSBUSD,0.27100000,0.27320000,88498.96,Trading
XLMEUR,0.10750000,0.10770000,88375.99,Trading
MAVTUSD,0.23960000,0.24000000,88250.39,Trading
DOGEGBP,0.05378000,0.05393000,82794.38,Trading
GTCBUSD,0.90700000,0.91000000,80336.66,Trading
DREPBUSD,0.25660000,0.25750000,79739.96,Trading
ARBFDUSD,0.88030000,0.88230000,78751.73,Trading
CTSIBUSD,0.14120000,0.14170000,78114.98,Trading
EDUTUSD,0.44670000,0.44690000,78021.99,Trading
WINGBUSD,5.72000000,5.76000000,77736.21,Trading
MTLBUSD,1.38200000,1.38600000,74088.08,Trading
EGLDRON,133.20000000,134.10000000,71892.34,Trading
MULTIBUSD,2.09700000,2.10800000,71354.44,Trading
SUIFDUSD,0.42960000,0.43280000,69922.17,Trading
BNBGBP,183.80000000,184.40000000,69168.27,Trading
MATICGBP,0.51210000,0.51430000,65346.78,Trading
BNXBUSD,0.26460000,0.26530000,63740.77,Trading
SEITUSD,0.10830000,0.10940000,62004.53,Trading
RUNEEUR,2.00200000,2.00600000,60647.47,Trading
CYBERFDUSD,4.67300000,4.68300000,60593.90,Trading
LTCGBP,55.86000000,56.09000000,58896.37,Trading
GMTEUR,0.15140000,0.15150000,58233.92,Trading
ARBEUR,0.83060000,0.83270000,52508.28,Trading
OPEUR,1.28700000,1.28900000,51117.38,Trading
LTCFDUSD,68.23000000,68.41000000,50823.38,Trading
BCHFDUSD,250.30000000,251.00000000,49779.44,Trading
APEEUR,1.14000000,1.14500000,49040.39,Trading
VIDTBUSD,0.01869000,0.01877000,47252.05,Trading
ATOMEUR,6.50200000,6.51300000,45863.30,Trading
SUIEUR,0.40420000,0.40690000,44624.83,Trading
BETABUSD,0.06219000,0.06267000,43524.41,Trading
BNBDAI,223.80000000,224.60000000,42594.43,Trading
PHABUSD,0.10070000,0.10080000,42153.95,Trading
IDEXBUSD,0.04834000,0.04847000,41943.72,Trading
ADAGBP,0.22640000,0.22730000,37694.77,Trading
RDNTTUSD,0.22690000,0.22720000,37328.51,Trading
CHZEUR,0.06140000,0.06175000,36545.62,Trading
CYBERTUSD,4.67700000,4.70000000,36429.50,Trading
AVAXFDUSD,10.19000000,10.24000000,35501.75,Trading
NEAREUR,1.05100000,1.05400000,35064.95,Trading
GRTEUR,0.08550000,0.08600000,34632.14,Trading
RUNETUSD,2.12400000,2.13200000,33956.40,Trading
APTEUR,5.81180000,5.84640000,33474.85,Trading
PENDLETUSD,0.77410000,0.77670000,33095.94,Trading
DAREUR,0.08343000,0.08386000,33037.62,Trading
GALAEUR,0.01408000,0.01411000,32263.47,Trading
CVPBUSD,0.31680000,0.31870000,30226.92,Trading
FLOKITUSD,0.00002571,0.00002586,29384.10,Trading
COMPTUSD,45.65000000,45.85000000,29125.17,Trading
ETCEUR,15.44000000,15.49000000,28931.19,Trading
SSVTUSD,13.95000000,13.98000000,26156.46,Trading
EOSEUR,0.55300000,0.55500000,25381.80,Trading
FRONTTUSD,0.28520000,0.28630000,22506.60,Trading
ATOMFDUSD,6.88600000,6.90300000,20270.42,Trading
WINEUR,0.00006340,0.00006400,16745.22,Trading
ICPEUR,3.32100000,3.34000000,14420.49,Trading
FLOWBNB,0.00227900,0.00228500,12936.24,Trading
IDTUSD,0.19397000,0.19461000,12438.26,Trading
USDTVAI,0.99600000,0.99800000,10242.82,Trading
QUICKTUSD,0.04229000,0.04241000,7246.92,Trading
ETHBTC,0.05249000,0.05250000,7147.60,Trading
EDUEUR,0.41813000,0.42970000,6677.35,Trading
THETAEUR,0.61700000,0.62200000,6410.14,Trading
XRPBNB,0.00245300,0.00245400,6394.77,Trading
VETBNB,0.00008190,0.00008230,5703.97,Trading
BNBETH,0.12680000,0.12690000,3852.27,Trading
WBETHETH,1.01930000,1.01950000,3760.68,Trading
SOLBNB,0.13510000,0.13520000,3703.58,Trading
IDEUR,0.18277000,0.18356000,3598.84,Trading
INJBNB,0.05232000,0.05239000,3101.63,Trading
UNIBNB,0.01859000,0.01860000,3070.07,Trading
PORTOEUR,1.54600000,1.56100000,2795.45,Trading
LAZIOEUR,1.60100000,1.62700000,2397.65,Trading
ALPINEEUR,1.54000000,1.55500000,1863.51,Trading
TRXBNB,0.00041030,0.00041080,1666.53,Trading
ADABNB,0.00123100,0.00123300,1605.70,Trading
LINKBNB,0.04424000,0.04434000,1598.32,Trading
MATICBNB,0.00278400,0.00278700,1564.35,Trading
XRPBTC,0.00001634,0.00001635,1521.50,Trading
XRPETH,0.00031130,0.00031140,1366.02,Trading
OPBNB,0.00606700,0.00608200,1323.57,Trading
DOTBNB,0.01857000,0.01859000,1300.52,Trading
LTCBNB,0.30390000,0.30410000,1294.50,Trading
LINKETH,0.00561500,0.00562200,1246.65,Trading
NEARBNB,0.00495700,0.00497900,1210.13,Trading
SUIBNB,0.00191300,0.00191700,1199.07,Trading
CTKBNB,0.00207300,0.00208600,1194.51,Trading
SOLETH,0.01711000,0.01717000,1169.42,Trading
STXBNB,0.00295300,0.00296000,1092.02,Trading
BCHBNB,1.11400000,1.11700000,1070.85,Trading
AAVEBNB,0.36920000,0.36970000,1038.20,Trading
NTRNBNB,0.00121300,0.00121600,923.52,Trading
SOLBTC,0.00090080,0.00090110,798.91,Trading
FETBNB,0.00121400,0.00121800,743.39,Trading
BNBBTC,0.00666400,0.00666500,608.77,Trading
WBTCBTC,0.99940000,0.99950000,608.26,Trading
ATOMBNB,0.03067000,0.03070000,608.01,Trading
ARKMBNB,0.00153720,0.00154100,589.36,Trading
LINKBTC,0.00029500,0.00029520,585.80,Trading
MATICETH,0.00035360,0.00035370,538.45,Trading
XVSBNB,0.02316000,0.02324000,535.37,Trading
XMRBNB,0.70430000,0.70580000,524.27,Trading
FTMBNB,0.00098340,0.00098440,475.84,Trading
EGLDBNB,0.12670000,0.12710000,463.34,Trading
SEIBNB,0.00048240,0.00048360,452.41,Trading
TRXETH,0.00005210,0.00005211,441.19,Trading
CAKEBNB,0.00526900,0.00529600,432.35,Trading
RUNEBNB,0.00943400,0.00948500,427.21,Trading
ELFETH,0.00020390,0.00020450,388.72,Trading
DYDXBNB,0.01025800,0.01032700,378.46,Trading
XMRETH,0.08945000,0.08959000,376.79,Trading
LTCETH,0.03857000,0.03860000,376.10,Trading
FILBNB,0.01682000,0.01686000,373.19,Trading
AVAXBNB,0.04535000,0.04550000,343.52,Trading
ARPABNB,0.00020170,0.00020260,341.83,Trading
GALABNB,0.00006627,0.00006659,338.29,Trading
AAVEETH,0.04687000,0.04691000,316.33,Trading
BAKEBNB,0.00056880,0.00057690,307.74,Trading
MASKBNB,0.01260000,0.01263000,297.25,Trading
ADAETH,0.00015640,0.00015650,297.24,Trading
WOOBNB,0.00091900,0.00092100,267.28,Trading
MINABTC,0.00002080,0.00002082,265.90,Trading
DOGEBTC,0.00000194,0.00000195,265.22,Trading
HBARBNB,0.00022690,0.00022730,256.01,Trading
WBTCETH,19.00000000,19.06000000,245.26,Trading
FILETH,0.00213700,0.00214000,244.96,Trading
LTCBTC,0.00202500,0.00202600,243.19,Trading
XLMBNB,0.00050720,0.00050780,238.72,Trading
POWRETH,0.00017470,0.00017570,237.00,Trading
CHZBNB,0.00029020,0.00029130,232.65,Trading
ENSBNB,0.03394000,0.03404000,230.10,Trading
BSWBNB,0.00028170,0.00028220,227.00,Trading
GMTBNB,0.00071400,0.00071600,221.21,Trading
ARBETH,0.00049730,0.00049830,215.36,Trading
XMRBTC,0.00469800,0.00470200,209.26,Trading
OCEANBNB,0.00139400,0.00140000,206.08,Trading
VETETH,0.00001040,0.00001042,198.75,Trading
CHRBNB,0.00045120,0.00045390,196.18,Trading
TRXBTC,0.00000273,0.00000274,195.77,Trading
OPETH,0.00077100,0.00077200,192.84,Trading
RUNEETH,0.00119910,0.00120160,189.44,Trading
AVAXETH,0.00576000,0.00578000,182.88,Trading
MATICBTC,0.00001856,0.00001857,177.98,Trading
ATOMETH,0.00389400,0.00389800,172.75,Trading
DOTETH,0.00235900,0.00236100,171.30,Trading
RAYBNB,0.00080600,0.00081800,168.30,Trading
AXSETH,0.00259700,0.00259900,157.20,Trading
MBOXBNB,0.00100300,0.00101400,153.69,Trading
ADXETH,0.00008060,0.00008100,153.39,Trading
ONEBNB,0.00004847,0.00004874,152.94,Trading
STEEMETH,0.00014400,0.00014530,151.58,Trading
ANTBNB,0.02244000,0.02247000,149.26,Trading
XVGETH,0.00000218,0.00000220,144.66,Trading
EDUBNB,0.00198100,0.00199780,139.71,Trading
WAVESETH,0.00099300,0.00099600,136.56,Trading
FTMETH,0.00012480,0.00012500,136.16,Trading
FLOWBTC,0.00001519,0.00001521,131.93,Trading
APEBNB,0.00536900,0.00540100,131.83,Trading
LOKABNB,0.00090830,0.00091630,129.18,Trading
APTETH,0.00348200,0.00349700,128.11,Trading
ADABTC,0.00000821,0.00000822,126.70,Trading
SANDBNB,0.00143100,0.00143500,126.00,Trading
CYBERBNB,0.02074900,0.02086600,125.14,Trading
AXSBNB,0.02045000,0.02050000,117.13,Trading
GRTETH,0.00005130,0.00005150,117.01,Trading
POLYXBTC,0.00000750,0.00000752,115.53,Trading
GALAETH,0.00000843,0.00000845,110.98,Trading
UNIETH,0.00235500,0.00236100,109.75,Trading
CFXBTC,0.00000444,0.00000445,108.56,Trading
BCHBTC,0.00743000,0.00744000,105.56,Trading
WINBNB,0.00000030,0.00000031,101.82,Trading
IOTXETH,0.00001126,0.00001129,99.07,Trading
ARBBTC,0.00002614,0.00002615,98.09,Trading
PAXGBNB,8.71800000,8.75100000,94.11,Trading
POLSBNB,0.00129400,0.00130100,93.47,Trading
DOTBTC,0.00012380,0.00012390,93.24,Trading
SCRTETH,0.00015770,0.00015810,92.48,Trading
ALGOBNB,0.00043800,0.00044100,91.21,Trading
XLMETH,0.00006440,0.00006450,87.81,Trading
DARBNB,0.00039368,0.00039561,80.40,Trading
FTMBTC,0.00000655,0.00000656,76.87,Trading
AAVEBTC,0.00246000,0.00246200,72.61,Trading
GASBTC,0.00008580,0.00008590,72.13,Trading
INJBTC,0.00034890,0.00034930,71.63,Trading
ETCBNB,0.07290000,0.07310000,70.93,Trading
IDBNB,0.00086140,0.00086990,68.86,Trading
NEARETH,0.00063000,0.00063200,68.26,Trading
CTSIBNB,0.00062900,0.00063200,67.74,Trading
BLZBTC,0.00000698,0.00000700,67.71,Trading
WANETH,0.00010700,0.00010720,66.10,Trading
VETBTC,0.00000054,0.00000055,63.35,Trading
ETCETH,0.00926000,0.00928000,62.49,Trading
SXPBNB,0.00129200,0.00129600,62.35,Trading
ICPBNB,0.01568000,0.01577000,62.27,Trading
COMBOBNB,0.00255100,0.00257300,61.64,Trading
LPTBNB,0.02731000,0.02752000,59.19,Trading
AVAXBTC,0.00030270,0.00030300,57.82,Trading
XLMBTC,0.00000338,0.00000339,57.56,Trading
DYDXBTC,0.00006851,0.00006853,57.44,Trading
FILBTC,0.00011220,0.00011230,54.76,Trading
HOTETH,0.00000073,0.00000074,54.33,Trading
SUIBTC,0.00001276,0.00001277,54.11,Trading
STXBTC,0.00001969,0.00001972,53.04,Trading
QKCETH,0.00000558,0.00000562,51.44,Trading
FUNBNB,0.00002004,0.00002014,51.43,Trading
ATOMBTC,0.00020450,0.00020460,51.24,Trading
APTBTC,0.00018312,0.00018344,50.78,Trading
APEETH,0.00068320,0.00068420,48.29,Trading
COSBNB,0.00002082,0.00002099,47.88,Trading
TRBBTC,0.00269980,0.00270640,47.06,Trading
BNTETH,0.00031950,0.00032300,46.17,Trading
NEOETH,0.00432600,0.00433400,44.99,Trading
HIGHBNB,0.00539700,0.00545900,43.79,Trading
WAVESBTC,0.00005221,0.00005229,43.18,Trading
COTIBNB,0.00018460,0.00018600,43.15,Trading
NEOBNB,0.03402000,0.03422000,41.79,Trading
LOOMBTC,0.00000299,0.00000301,40.30,Trading
OPBTC,0.00004048,0.00004049,40.01,Trading
SNXBNB,0.00998000,0.01005000,39.21,Trading
UNIBTC,0.00012380,0.00012400,39.10,Trading
NEARBTC,0.00003312,0.00003314,37.17,Trading
FETBTC,0.00000810,0.00000812,36.32,Trading
SLPETH,0.00000085,0.00000087,36.13,Trading
HOOKBNB,0.00362790,0.00367140,35.93,Trading
EGLDETH,0.01610000,0.01611000,35.92,Trading
RUNEBTC,0.00006302,0.00006308,35.91,Trading
ELFBTC,0.00001071,0.00001072,35.81,Trading
ETCBTC,0.00048600,0.00048700,35.45,Trading
BNXBNB,0.00117800,0.00119000,34.77,Trading
LRCETH,0.00010542,0.00010643,34.05,Trading
RLCETH,0.00061000,0.00061100,32.81,Trading
ZILBNB,0.00008030,0.00008096,32.61,Trading
RIFBTC,0.00000352,0.00000353,32.33,Trading
WLDBTC,0.00004987,0.00004996,32.18,Trading
QNTBTC,0.00288700,0.00288800,31.97,Trading
MANAETH,0.00019300,0.00019310,31.79,Trading
SCETH,0.00000178,0.00000180,31.13,Trading
EOSBTC,0.00001742,0.00001743,29.75,Trading
AGIXBTC,0.00000587,0.00000589,29.69,Trading
BELBNB,0.00255800,0.00259500,29.31,Trading
KAVABNB,0.00275500,0.00278000,28.93,Trading
SANDBTC,0.00000955,0.00000956,28.55,Trading
DENTETH,0.00000039,0.00000040,28.32,Trading
ALGOETH,0.00005580,0.00005590,28.29,Trading
MTLBTC,0.00004102,0.00004119,27.07,Trading
MANABTC,0.00001013,0.00001014,26.57,Trading
RNDRBTC,0.00006120,0.00006130,26.41,Trading
STEEMBTC,0.00000758,0.00000760,26.40,Trading
POWRBTC,0.00000918,0.00000921,26.27,Trading
ROSEETH,0.00002652,0.00002665,25.54,Trading
ZECETH,0.01538000,0.01542000,25.06,Trading
EOSETH,0.00033120,0.00033200,24.94,Trading
NEOBTC,0.00022740,0.00022760,24.65,Trading
SNXETH,0.00126700,0.00126800,24.34,Trading
PAXGBTC,0.05804000,0.05813000,24.02,Trading
CHRETH,0.00005730,0.00005750,23.88,Trading
SFPBTC,0.00002134,0.00002143,23.52,Trading
DASHETH,0.01568000,0.01571000,23.38,Trading
CRVETH,0.00026700,0.00026900,23.21,Trading
FUNETH,0.00000255,0.00000256,22.82,Trading
MAGICBTC,0.00001602,0.00001603,21.55,Trading
ENJETH,0.00013200,0.00013240,21.30,Trading
UNFIBTC,0.00024630,0.00024720,20.83,Trading
AXSBTC,0.00013630,0.00013650,20.78,Trading
IOTAETH,0.00008510,0.00008550,20.20,Trading
MKRBTC,0.04380000,0.04386000,20.17,Trading
HBARBTC,0.00000151,0.00000152,19.95,Trading
DGBBTC,0.00000020,0.00000021,19.69,Trading
ALGOBTC,0.00000293,0.00000294,19.65,Trading
PIVXBTC,0.00000614,0.00000615,19.25,Trading
NEXOBTC,0.00001782,0.00001786,19.17,Trading
SSVETH,0.00786700,0.00789700,17.89,Trading
UFTETH,0.00014100,0.00014200,17.69,Trading
IOSTETH,0.00000446,0.00000447,16.92,Trading
ZENETH,0.00496800,0.00497700,16.81,Trading
ARDRBTC,0.00000237,0.00000238,16.66,Trading
ZILBTC,0.00000053,0.00000054,16.65,Trading
CHZBTC,0.00000193,0.00000194,16.13,Trading
ASTRBTC,0.00000147,0.00000148,16.05,Trading
ZILETH,0.00001021,0.00001026,16.02,Trading
AGLDBTC,0.00002752,0.00002766,15.99,Trading
APEBTC,0.00003589,0.00003594,15.56,Trading
STRAXBTC,0.00002149,0.00002155,15.48,Trading
EGLDBTC,0.00084500,0.00084700,15.48,Trading
SANDETH,0.00018180,0.00018220,15.29,Trading
COMPBTC,0.00135300,0.00135500,14.98,Trading
OAXBTC,0.00000546,0.00000548,14.60,Trading
GMTETH,0.00009060,0.00009110,14.54,Trading
KAVAETH,0.00035000,0.00035160,14.30,Trading
LQTYBTC,0.00004740,0.00004749,14.26,Trading
SNTETH,0.00001565,0.00001578,13.05,Trading
CTKBTC,0.00001383,0.00001392,12.85,Trading
QKCBTC,0.00000029,0.00000030,12.75,Trading
ARPAETH,0.00002556,0.00002572,12.70,Trading
SUSHIBNB,0.00266100,0.00268100,12.60,Trading
API3BTC,0.00003544,0.00003549,12.51,Trading
MCBTC,0.00001384,0.00001388,12.38,Trading
DASHBTC,0.00082400,0.00082500,12.37,Trading
HIFIETH,0.00029270,0.00029490,12.29,Trading
SEIBTC,0.00000321,0.00000323,12.28,Trading
GRTBTC,0.00000269,0.00000270,12.25,Trading
THETABTC,0.00001947,0.00001948,11.77,Trading
XTZBTC,0.00002080,0.00002082,11.59,Trading
ICPETH,0.00199200,0.00200200,11.44,Trading
THETAETH,0.00036990,0.00037220,10.52,Trading
LINABTC,0.00000029,0.00000030,10.48,Trading
BETAETH,0.00003516,0.00003550,10.28,Trading
GALABTC,0.00000044,0.00000045,10.20,Trading
TOMOBTC,0.00004978,0.00004990,10.20,Trading
ZECBTC,0.00080900,0.00081000,10.04,Trading
ACHBTC,0.00000046,0.00000047,10.04,Trading
LDOBTC,0.00005292,0.00005297,9.89,Trading
1INCHBTC,0.00000835,0.00000836,9.88,Trading
KNCBTC,0.00002175,0.00002179,9.70,Trading
AUCTIONBTC,0.00018770,0.00018850,9.64,Trading
CYBERBTC,0.00013860,0.00013904,9.00,Trading
CRVBTC,0.00001405,0.00001408,8.96,Trading
LSKETH,0.00051800,0.00052500,8.94,Trading
YGGBTC,0.00000814,0.00000815,8.71,Trading
IOTXBTC,0.00000059,0.00000060,8.70,Trading
IOSTBTC,0.00000023,0.00000024,8.65,Trading
BANDBTC,0.00004405,0.00004423,8.53,Trading
OCEANBTC,0.00000931,0.00000933,8.51,Trading
AMBBTC,0.00000024,0.00000025,8.46,Trading
BONDBTC,0.00011140,0.00011220,8.44,Trading
ONEBTC,0.00000032,0.00000033,8.44,Trading
DEXEETH,0.00124500,0.00125700,8.30,Trading
CAKEBTC,0.00003516,0.00003523,8.26,Trading
PUNDIXETH,0.00022720,0.00022910,8.00,Trading
BADGERBTC,0.00007140,0.00007170,7.85,Trading
BNTBTC,0.00001682,0.00001684,7.82,Trading
CYBERETH,0.00263600,0.00264900,7.63,Trading
CLVBTC,0.00000098,0.00000099,7.54,Trading
ENJBTC,0.00000694,0.00000696,7.48,Trading
PEOPLEBTC,0.00000034,0.00000035,7.38,Trading
ARKMBTC,0.00001024,0.00001027,7.34,Trading
ROSEBTC,0.00000139,0.00000140,7.30,Trading
KMDBTC,0.00000664,0.00000671,7.19,Trading
ALPACABTC,0.00000522,0.00000525,7.17,Trading
TWTBTC,0.00003135,0.00003140,7.15,Trading
VIBBTC,0.00000170,0.00000171,7.04,Trading
FLMBTC,0.00000229,0.00000231,6.97,Trading
NTRNBTC,0.00000809,0.00000811,6.91,Trading
RVNBTC,0.00000046,0.00000047,6.74,Trading
YFIBTC,0.16960000,0.16990000,6.73,Trading
DUSKBTC,0.00000366,0.00000367,6.57,Trading
PYRBTC,0.00010030,0.00010100,6.54,Trading
KDABTC,0.00001433,0.00001434,6.50,Trading
LRCBTC,0.00000554,0.00000556,6.49,Trading
SSVBTC,0.00041370,0.00041500,6.44,Trading
IDBTC,0.00000575,0.00000576,6.38,Trading
SCRTBTC,0.00000827,0.00000829,6.27,Trading
QTUMETH,0.00136600,0.00137800,6.18,Trading
RDNTBTC,0.00000673,0.00000674,6.09,Trading
GMXBTC,0.00118200,0.00118500,5.82,Trading
ANTBTC,0.00014946,0.00014964,5.74,Trading
IOTABTC,0.00000447,0.00000449,5.73,Trading
GMTBTC,0.00000476,0.00000477,5.69,Trading
MDTBTC,0.00000129,0.00000130,5.65,Trading
CHRBTC,0.00000301,0.00000302,5.57,Trading
SYSBTC,0.00000259,0.00000261,5.52,Trading
DIABTC,0.00000748,0.00000753,5.51,Trading
LSKBTC,0.00002726,0.00002744,5.47,Trading
FORBTC,0.00000056,0.00000058,5.43,Trading
TFUELBTC,0.00000108,0.00000109,5.42,Trading
WOOBTC,0.00000612,0.00000614,5.39,Trading
ICPBTC,0.00010470,0.00010490,5.35,Trading
SNXBTC,0.00006650,0.00006670,5.25,Trading
ZRXBTC,0.00000686,0.00000689,5.21,Trading
REQBTC,0.00000211,0.00000213,4.92,Trading
C98BTC,0.00000462,0.00000464,4.91,Trading
PHBBTC,0.00001818,0.00001824,4.90,Trading
SNTBTC,0.00000082,0.00000083,4.80,Trading
PONDBTC,0.00000026,0.00000028,4.61,Trading
GLMRBTC,0.00000564,0.00000566,4.61,Trading
HARDBNB,0.00051800,0.00052500,4.60,Trading
RENBTC,0.00000141,0.00000142,4.41,Trading
OGNBTC,0.00000342,0.00000343,4.38,Trading
XNOBTC,0.00002003,0.00002019,4.37,Trading
XVSBTC,0.00015410,0.00015570,4.29,Trading
ONGBTC,0.00000782,0.00000786,4.27,Trading
AUDIOBTC,0.00000459,0.00000461,4.25,Trading
ARBTC,0.00013420,0.00013480,4.19,Trading
BAKEBTC,0.00000380,0.00000381,4.18,Trading
ACABTC,0.00000147,0.00000149,4.09,Trading
HIVEBTC,0.00000971,0.00000973,4.08,Trading
CTSIBTC,0.00000419,0.00000421,4.08,Trading
ILVBTC,0.00132600,0.00133000,4.07,Trading
DOCKBTC,0.00000047,0.00000048,4.00,Trading
SUSHIBTC,0.00001778,0.00001784,3.97,Trading
CELRBTC,0.00000040,0.00000041,3.93,Trading
ANKRBTC,0.00000064,0.00000065,3.92,Trading
STPTBTC,0.00000177,0.00000178,3.92,Trading
PENDLEBTC,0.00002294,0.00002301,3.89,Trading
SYNBTC,0.00000996,0.00001001,3.88,Trading
STORJBTC,0.00001171,0.00001174,3.78,Trading
FIROBTC,0.00004680,0.00004690,3.78,Trading
DCRBTC,0.00037300,0.00037600,3.75,Trading
SXPBTC,0.00000861,0.00000864,3.74,Trading
WANBTC,0.00000561,0.00000564,3.74,Trading
FRONTBTC,0.00000846,0.00000849,3.66,Trading
DATABTC,0.00000075,0.00000076,3.65,Trading
WAXPBTC,0.00000150,0.00000152,3.63,Trading
KAVABTC,0.00001837,0.00001845,3.58,Trading
IMXBTC,0.00001873,0.00001884,3.56,Trading
KSMBTC,0.00056200,0.00056400,3.49,Trading
ARPABTC,0.00000134,0.00000135,3.47,Trading
ICXBTC,0.00000589,0.00000591,3.45,Trading
AVABTC,0.00001399,0.00001402,3.45,Trading
HOOKBTC,0.00002423,0.00002427,3.41,Trading
COSBTC,0.00000013,0.00000014,3.34,Trading
GLMBTC,0.00000635,0.00000641,3.34,Trading
DREPBTC,0.00000761,0.00000766,3.28,Trading
STGBTC,0.00001287,0.00001291,3.28,Trading
HFTBTC,0.00000762,0.00000764,3.21,Trading
BATBTC,0.00000586,0.00000588,3.17,Trading
FXSBTC,0.00016988,0.00017050,3.07,Trading
GALBTC,0.00003784,0.00003807,3.03,Trading
ADXBTC,0.00000424,0.00000425,2.94,Trading
WINGBTC,0.00017000,0.00017140,2.89,Trading
ASTBTC,0.00000258,0.00000260,2.70,Trading
MULTIBTC,0.00006246,0.00006281,2.70,Trading
OXTBTC,0.00000193,0.00000194,2.70,Trading
VOXELBTC,0.00000446,0.00000448,2.64,Trading
EDUBTC,0.00001324,0.00001326,2.58,Trading
QIBTC,0.00000016,0.00000017,2.57,Trading
COTIBTC,0.00000123,0.00000124,2.50,Trading
FLUXBTC,0.00001047,0.00001049,2.42,Trading
NKNBTC,0.00000256,0.00000257,2.40,Trading
TVKBTC,0.00000062,0.00000063,2.40,Trading
RLCBTC,0.00003202,0.00003208,2.40,Trading
RPLBTC,0.00067700,0.00068200,2.35,Trading
LPTBTC,0.00018230,0.00018280,2.34,Trading
VITEBTC,0.00000039,0.00000040,2.25,Trading
QTUMBTC,0.00007180,0.00007200,2.24,Trading
MDXBTC,0.00000188,0.00000189,2.22,Trading
DEGOBTC,0.00004198,0.00004212,2.15,Trading
OMBTC,0.00000059,0.00000060,2.14,Trading
JSTBTC,0.00000074,0.00000075,2.10,Trading
NMRBTC,0.00039300,0.00039500,2.06,Trading
ENSBTC,0.00022590,0.00022680,2.06,Trading
HIGHBTC,0.00003604,0.00003620,1.94,Trading
GTCBTC,0.00002698,0.00002704,1.89,Trading
TRUBTC,0.00000112,0.00000113,1.86,Trading
PROMBTC,0.00012490,0.00012520,1.84,Trading
TLMBTC,0.00000031,0.00000032,1.81,Trading
RADBTC,0.00003980,0.00004000,1.79,Trading
BETABTC,0.00000185,0.00000187,1.76,Trading
LTOBTC,0.00000180,0.00000181,1.74,Trading
TKOBTC,0.00000640,0.00000644,1.71,Trading
PLABTC,0.00000540,0.00000544,1.69,Trading
MAVBTC,0.00000709,0.00000712,1.69,Trading
LOKABTC,0.00000605,0.00000608,1.68,Trading
KLAYBTC,0.00000386,0.00000387,1.66,Trading
MOBBTC,0.00001492,0.00001500,1.66,Trading
ZENBTC,0.00026060,0.00026140,1.65,Trading
AERGOBTC,0.00000358,0.00000360,1.61,Trading
PERPBTC,0.00001750,0.00001752,1.59,Trading
DODOBTC,0.00000308,0.00000311,1.57,Trading
LITBTC,0.00002033,0.00002047,1.55,Trading
CELOBTC,0.00001387,0.00001399,1.55,Trading
FIDABTC,0.00000489,0.00000491,1.51,Trading
MLNBTC,0.00045000,0.00045200,1.51,Trading
MBOXBTC,0.00000669,0.00000675,1.51,Trading
RAREBTC,0.00000168,0.00000169,1.50,Trading
WTCBTC,0.00000454,0.00000456,1.49,Trading
SUPERBTC,0.00000232,0.00000234,1.49,Trading
OGBTC,0.00012640,0.00012760,1.44,Trading
ALPHABTC,0.00000220,0.00000222,1.43,Trading
FORTHBTC,0.00008570,0.00008650,1.42,Trading
QUICKBTC,0.00000125,0.00000127,1.41,Trading
HARDBTC,0.00000345,0.00000349,1.39,Trading
ATABTC,0.00000237,0.00000239,1.38,Trading
ALICEBTC,0.00002306,0.00002316,1.28,Trading
SKLBTC,0.00000069,0.00000070,1.28,Trading
UMABTC,0.00004249,0.00004286,1.24,Trading
PHABTC,0.00000299,0.00000300,1.23,Trading
ONTBTC,0.00000543,0.00000547,1.23,Trading
FISBTC,0.00000802,0.00000807,1.21,Trading
CHESSBTC,0.00000379,0.00000381,1.17,Trading
IDEXBTC,0.00000143,0.00000144,1.13,Trading
DARBTC,0.00000262,0.00000264,1.12,Trading
VIDTBTC,0.00000055,0.00000056,1.12,Trading
CTXCBTC,0.00000373,0.00000375,1.10,Trading
JOEBTC,0.00000730,0.00000734,1.07,Trading
BELBTC,0.00001705,0.00001712,1.02,Trading
UTKBTC,0.00000165,0.00000167,1.02,Trading
IRISBTC,0.00000056,0.00000057,0.98,Trading
BICOBTC,0.00000670,0.00000672,0.98,Trading
CVXBTC,0.00008280,0.00008330,0.97,Trading
GNSBTC,0.00011210,0.00011280,0.96,Trading
BNXBTC,0.00000784,0.00000790,0.96,Trading
ALCXBTC,0.00038980,0.00039330,0.89,Trading
SANTOSBTC,0.00007984,0.00008045,0.88,Trading
NULSBTC,0.00000552,0.00000557,0.88,Trading
OSMOBTC,0.00000745,0.00000748,0.87,Trading
LAZIOBTC,0.00005045,0.00005085,0.79,Trading
PORTOBTC,0.00004862,0.00004899,0.77,Trading
FARMBTC,0.00071700,0.00072300,0.68,Trading
POLSBTC,0.00000862,0.00000868,0.68,Trading
FIOBTC,0.00000059,0.00000060,0.67,Trading
MOVRBTC,0.00011870,0.00011960,0.65,Trading
CITYBTC,0.00008120,0.00008210,0.55,Trading
ORNBTC,0.00001546,0.00001558,0.55,Trading
ALPINEBTC,0.00004860,0.00004887,0.54,Trading
PSGBTC,0.00008520,0.00008610,0.46,Trading
BALBTC,0.00009830,0.00009920,0.44,Trading
